﻿<?xml version="1.0" encoding="utf-8"?>
<!--DO NOT EDIT. This document is generated by PSoC Creator design builds.-->
<PSoCCreatorIdeExport Version="1">
  <Device Part="CY8C4125AXI-483" Processor="CortexM0" DeviceID="4161193" />
  <Toolchains>
    <Toolchain Name="ARM GCC" Selected="True">
      <Tool Name="prebuild" Command="" Options="" />
      <Tool Name="assembler" Command="arm-none-eabi-as.exe" Options="-I. -I./Generated_Source/PSoC4 -mcpu=cortex-m0 -mthumb -g -alh=${OutputDir}/${CompileFile}.lst " />
      <Tool Name="compiler" Command="arm-none-eabi-gcc.exe" Options="-I. -I./Generated_Source/PSoC4 -Wno-main -mcpu=cortex-m0 -mthumb -Wall -g -D DEBUG -Wa,-alh=${OutputDir}\${CompileFile}.lst -Os -ffunction-sections " />
      <Tool Name="linker" Command="arm-none-eabi-gcc.exe" Options="-mthumb -march=armv6-m -T .\Generated_Source\PSoC4\cm0gcc.ld -g -Wl,-Map,${OutputDir}\${ProjectShortName}.map -specs=nano.specs -Wl,--gc-sections " />
      <Tool Name="postbuild" Command="" Options="" />
    </Toolchain>
    <Toolchain Name="ARM Keil MDK" Selected="False">
      <Tool Name="prebuild" Command="" Options="" />
      <Tool Name="assembler" Command="armasm.exe" Options="-i. -iGenerated_Source/PSoC4 --diag_style=gnu --thumb --cpu=Cortex-M0 -g --list=${OutputDir}/${CompileFile}.lst " />
      <Tool Name="compiler" Command="armcc.exe" Options="-I. -I./Generated_Source/PSoC4 --diag_suppress=951 --diag_style=gnu --cpu=Cortex-M0 -g -D DEBUG --signed_chars --list -O0 --split_sections " />
      <Tool Name="linker" Command="armlink.exe" Options="--diag_style=gnu --no_startup --cpu=Cortex-M0 --scatter .\Generated_Source\PSoC4\Cm0RealView.scat --map --list ${OutputDir}\${ProjectShortName}.map " />
      <Tool Name="postbuild" Command="" Options="" />
    </Toolchain>
  </Toolchains>
  <Project Name="UART_Bootloadable" Path="E:\code\wifi\1.8-testuart\UartBootloader\UART_Bootloadable.cydsn" Version="4.11" Type="Bootloadable">
    <CMSIS_SVD_File>UART_Bootloadable.svd</CMSIS_SVD_File>
    <Datasheet />
    <LinkerFiles>
      <LinkerFile Toolchain="ARM GCC">.\Generated_Source\PSoC4\cm0gcc.ld</LinkerFile>
      <LinkerFile Toolchain="ARM Keil MDK">.\Generated_Source\PSoC4\Cm0RealView.scat</LinkerFile>
      <LinkerFile Toolchain="IAR EWARM">.\Generated_Source\PSoC4\Cm0Iar.icf</LinkerFile>
    </LinkerFiles>
    <Folders>
      <Folder BuildType="BUILD" Path="E:\code\wifi\1.8-testuart\UartBootloader\UART_Bootloadable.cydsn">
        <Files Root="E:\code\wifi\1.8-testuart\UartBootloader\UART_Bootloadable.cydsn">
          <File BuildType="BUILD" Toolchain="">.\main.c</File>
          <File BuildType="BUILD" Toolchain="">.\display.c</File>
          <File BuildType="BUILD" Toolchain="">.\flash_wr_rd.c</File>
          <File BuildType="BUILD" Toolchain="">.\fun.c</File>
          <File BuildType="BUILD" Toolchain="">.\module.c</File>
          <File BuildType="BUILD" Toolchain="">.\uart_wifi.c</File>
          <File BuildType="BUILD" Toolchain="">.\config.h</File>
          <File BuildType="BUILD" Toolchain="">.\display.h</File>
          <File BuildType="BUILD" Toolchain="">.\flash_wr_rd.h</File>
          <File BuildType="BUILD" Toolchain="">.\fun.h</File>
          <File BuildType="BUILD" Toolchain="">.\module.h</File>
          <File BuildType="BUILD" Toolchain="">.\uart_wifi.h</File>
        </Files>
      </Folder>
      <Folder BuildType="STRICT" Path="E:\code\wifi\1.8-testuart\UartBootloader\UART_Bootloadable.cydsn\Generated_Source\PSoC4">
        <Files Root="E:\code\wifi\1.8-testuart\UartBootloader\UART_Bootloadable.cydsn">
          <File BuildType="BUILD" Toolchain="">.\Generated_Source\PSoC4\cyfitter_cfg.h</File>
          <File BuildType="BUILD" Toolchain="">.\Generated_Source\PSoC4\cyfitter_cfg.c</File>
          <File BuildType="BUILD" Toolchain="">.\Generated_Source\PSoC4\cybootloader.c</File>
          <File BuildType="BUILD" Toolchain="">.\Generated_Source\PSoC4\cymetadata.c</File>
          <File BuildType="BUILD" Toolchain="">.\Generated_Source\PSoC4\cydevice_trm.h</File>
          <File BuildType="BUILD" Toolchain="">.\Generated_Source\PSoC4\cydevicegnu_trm.inc</File>
          <File BuildType="BUILD" Toolchain="">.\Generated_Source\PSoC4\cydevicerv_trm.inc</File>
          <File BuildType="BUILD" Toolchain="">.\Generated_Source\PSoC4\cydeviceiar_trm.inc</File>
          <File BuildType="BUILD" Toolchain="">.\Generated_Source\PSoC4\cyfittergnu.inc</File>
          <File BuildType="BUILD" Toolchain="">.\Generated_Source\PSoC4\cyfitterrv.inc</File>
          <File BuildType="BUILD" Toolchain="">.\Generated_Source\PSoC4\cyfitteriar.inc</File>
          <File BuildType="BUILD" Toolchain="">.\Generated_Source\PSoC4\cyfitter.h</File>
          <File BuildType="BUILD" Toolchain="">.\Generated_Source\PSoC4\cydisabledsheets.h</File>
          <File BuildType="BUILD" Toolchain="">.\Generated_Source\PSoC4\Bootloadable.c</File>
          <File BuildType="BUILD" Toolchain="">.\Generated_Source\PSoC4\Bootloadable.h</File>
          <File BuildType="BUILD" Toolchain="">.\Generated_Source\PSoC4\Cm0Start.c</File>
          <File BuildType="BUILD" Toolchain="">.\Generated_Source\PSoC4\core_cm0_psoc4.h</File>
          <File BuildType="BUILD" Toolchain="">.\Generated_Source\PSoC4\core_cm0.h</File>
          <File BuildType="BUILD" Toolchain="ARM GCC">.\Generated_Source\PSoC4\CyBootAsmGnu.s</File>
          <File BuildType="BUILD" Toolchain="ARM RVDS">.\Generated_Source\PSoC4\CyBootAsmRv.s</File>
          <File BuildType="BUILD" Toolchain="">.\Generated_Source\PSoC4\CyFlash.c</File>
          <File BuildType="BUILD" Toolchain="">.\Generated_Source\PSoC4\CyFlash.h</File>
          <File BuildType="BUILD" Toolchain="">.\Generated_Source\PSoC4\CyLib.c</File>
          <File BuildType="BUILD" Toolchain="">.\Generated_Source\PSoC4\CyLib.h</File>
          <File BuildType="BUILD" Toolchain="">.\Generated_Source\PSoC4\cyPm.c</File>
          <File BuildType="BUILD" Toolchain="">.\Generated_Source\PSoC4\cyPm.h</File>
          <File BuildType="BUILD" Toolchain="">.\Generated_Source\PSoC4\cytypes.h</File>
          <File BuildType="BUILD" Toolchain="">.\Generated_Source\PSoC4\cyutils.c</File>
          <File BuildType="BUILD" Toolchain="">.\Generated_Source\PSoC4\cypins.h</File>
          <File BuildType="BUILD" Toolchain="">.\Generated_Source\PSoC4\core_cmFunc.h</File>
          <File BuildType="BUILD" Toolchain="">.\Generated_Source\PSoC4\core_cmInstr.h</File>
          <File BuildType="BUILD" Toolchain="IAR EWARM">.\Generated_Source\PSoC4\CyBootAsmIar.s</File>
          <File BuildType="BUILD" Toolchain="">.\Generated_Source\PSoC4\project.h</File>
          <File BuildType="BUILD" Toolchain="">.\Generated_Source\PSoC4\TestPort.c</File>
          <File BuildType="BUILD" Toolchain="">.\Generated_Source\PSoC4\TestPort.h</File>
          <File BuildType="BUILD" Toolchain="">.\Generated_Source\PSoC4\TestPort_aliases.h</File>
          <File BuildType="BUILD" Toolchain="">.\Generated_Source\PSoC4\CC_ISR.c</File>
          <File BuildType="BUILD" Toolchain="">.\Generated_Source\PSoC4\CC_ISR.h</File>
          <File BuildType="BUILD" Toolchain="">.\Generated_Source\PSoC4\timer_clk.c</File>
          <File BuildType="BUILD" Toolchain="">.\Generated_Source\PSoC4\timer_clk.h</File>
          <File BuildType="BUILD" Toolchain="">.\Generated_Source\PSoC4\CapSense.c</File>
          <File BuildType="BUILD" Toolchain="">.\Generated_Source\PSoC4\CapSense.h</File>
          <File BuildType="BUILD" Toolchain="">.\Generated_Source\PSoC4\CapSense_PM.c</File>
          <File BuildType="BUILD" Toolchain="">.\Generated_Source\PSoC4\CapSense_CSHL.c</File>
          <File BuildType="BUILD" Toolchain="">.\Generated_Source\PSoC4\CapSense_CSHL.h</File>
          <File BuildType="BUILD" Toolchain="">.\Generated_Source\PSoC4\CapSense_INT.c</File>
          <File BuildType="BUILD" Toolchain="">.\Generated_Source\PSoC4\CapSense_TunerHelper.c</File>
          <File BuildType="BUILD" Toolchain="">.\Generated_Source\PSoC4\CapSense_TunerHelper.h</File>
          <File BuildType="BUILD" Toolchain="">.\Generated_Source\PSoC4\CapSense_PVT.h</File>
          <File BuildType="BUILD" Toolchain="">.\Generated_Source\PSoC4\CapSense_IP.h</File>
          <File BuildType="BUILD" Toolchain="">.\Generated_Source\PSoC4\V24V.c</File>
          <File BuildType="BUILD" Toolchain="">.\Generated_Source\PSoC4\V24V.h</File>
          <File BuildType="BUILD" Toolchain="">.\Generated_Source\PSoC4\V24V_aliases.h</File>
          <File BuildType="BUILD" Toolchain="">.\Generated_Source\PSoC4\GYWD.c</File>
          <File BuildType="BUILD" Toolchain="">.\Generated_Source\PSoC4\GYWD.h</File>
          <File BuildType="BUILD" Toolchain="">.\Generated_Source\PSoC4\GYWD_aliases.h</File>
          <File BuildType="BUILD" Toolchain="">.\Generated_Source\PSoC4\DYWD.c</File>
          <File BuildType="BUILD" Toolchain="">.\Generated_Source\PSoC4\DYWD.h</File>
          <File BuildType="BUILD" Toolchain="">.\Generated_Source\PSoC4\DYWD_aliases.h</File>
          <File BuildType="BUILD" Toolchain="">.\Generated_Source\PSoC4\K1.c</File>
          <File BuildType="BUILD" Toolchain="">.\Generated_Source\PSoC4\K1.h</File>
          <File BuildType="BUILD" Toolchain="">.\Generated_Source\PSoC4\K1_aliases.h</File>
          <File BuildType="BUILD" Toolchain="">.\Generated_Source\PSoC4\K2.c</File>
          <File BuildType="BUILD" Toolchain="">.\Generated_Source\PSoC4\K2.h</File>
          <File BuildType="BUILD" Toolchain="">.\Generated_Source\PSoC4\K2_aliases.h</File>
          <File BuildType="BUILD" Toolchain="">.\Generated_Source\PSoC4\JNTJL.c</File>
          <File BuildType="BUILD" Toolchain="">.\Generated_Source\PSoC4\JNTJL.h</File>
          <File BuildType="BUILD" Toolchain="">.\Generated_Source\PSoC4\JNTJL_aliases.h</File>
          <File BuildType="BUILD" Toolchain="">.\Generated_Source\PSoC4\PWM.c</File>
          <File BuildType="BUILD" Toolchain="">.\Generated_Source\PSoC4\PWM.h</File>
          <File BuildType="BUILD" Toolchain="">.\Generated_Source\PSoC4\PWM_PM.c</File>
          <File BuildType="BUILD" Toolchain="">.\Generated_Source\PSoC4\PWM_CLK.c</File>
          <File BuildType="BUILD" Toolchain="">.\Generated_Source\PSoC4\PWM_CLK.h</File>
          <File BuildType="BUILD" Toolchain="">.\Generated_Source\PSoC4\FMQ.c</File>
          <File BuildType="BUILD" Toolchain="">.\Generated_Source\PSoC4\FMQ.h</File>
          <File BuildType="BUILD" Toolchain="">.\Generated_Source\PSoC4\FMQ_aliases.h</File>
          <File BuildType="BUILD" Toolchain="">.\Generated_Source\PSoC4\JS.c</File>
          <File BuildType="BUILD" Toolchain="">.\Generated_Source\PSoC4\JS.h</File>
          <File BuildType="BUILD" Toolchain="">.\Generated_Source\PSoC4\JS_aliases.h</File>
          <File BuildType="BUILD" Toolchain="">.\Generated_Source\PSoC4\CX.c</File>
          <File BuildType="BUILD" Toolchain="">.\Generated_Source\PSoC4\CX.h</File>
          <File BuildType="BUILD" Toolchain="">.\Generated_Source\PSoC4\CX_aliases.h</File>
          <File BuildType="BUILD" Toolchain="">.\Generated_Source\PSoC4\V24_IN_ISR.c</File>
          <File BuildType="BUILD" Toolchain="">.\Generated_Source\PSoC4\V24_IN_ISR.h</File>
          <File BuildType="BUILD" Toolchain="">.\Generated_Source\PSoC4\Timer.c</File>
          <File BuildType="BUILD" Toolchain="">.\Generated_Source\PSoC4\Timer.h</File>
          <File BuildType="BUILD" Toolchain="">.\Generated_Source\PSoC4\Timer_PM.c</File>
          <File BuildType="BUILD" Toolchain="">.\Generated_Source\PSoC4\isr_lowpower_1.c</File>
          <File BuildType="BUILD" Toolchain="">.\Generated_Source\PSoC4\isr_lowpower_1.h</File>
          <File BuildType="BUILD" Toolchain="">.\Generated_Source\PSoC4\UART_1.c</File>
          <File BuildType="BUILD" Toolchain="">.\Generated_Source\PSoC4\UART_1.h</File>
          <File BuildType="BUILD" Toolchain="">.\Generated_Source\PSoC4\UART_1_SPI_UART.h</File>
          <File BuildType="BUILD" Toolchain="">.\Generated_Source\PSoC4\UART_1_SPI_UART.c</File>
          <File BuildType="BUILD" Toolchain="">.\Generated_Source\PSoC4\UART_1_SPI_UART_INT.c</File>
          <File BuildType="BUILD" Toolchain="">.\Generated_Source\PSoC4\UART_1_PM.c</File>
          <File BuildType="BUILD" Toolchain="">.\Generated_Source\PSoC4\UART_1_UART.c</File>
          <File BuildType="BUILD" Toolchain="">.\Generated_Source\PSoC4\UART_1_BOOT.c</File>
          <File BuildType="BUILD" Toolchain="">.\Generated_Source\PSoC4\UART_1_UART_BOOT.c</File>
          <File BuildType="BUILD" Toolchain="">.\Generated_Source\PSoC4\UART_1_PINS.h</File>
          <File BuildType="BUILD" Toolchain="">.\Generated_Source\PSoC4\UART_1_SPI_UART_PVT.h</File>
          <File BuildType="BUILD" Toolchain="">.\Generated_Source\PSoC4\UART_1_PVT.h</File>
          <File BuildType="BUILD" Toolchain="">.\Generated_Source\PSoC4\UART_0.c</File>
          <File BuildType="BUILD" Toolchain="">.\Generated_Source\PSoC4\UART_0.h</File>
          <File BuildType="BUILD" Toolchain="">.\Generated_Source\PSoC4\UART_0_SPI_UART.h</File>
          <File BuildType="BUILD" Toolchain="">.\Generated_Source\PSoC4\UART_0_SPI_UART.c</File>
          <File BuildType="BUILD" Toolchain="">.\Generated_Source\PSoC4\UART_0_SPI_UART_INT.c</File>
          <File BuildType="BUILD" Toolchain="">.\Generated_Source\PSoC4\UART_0_PM.c</File>
          <File BuildType="BUILD" Toolchain="">.\Generated_Source\PSoC4\UART_0_UART.c</File>
          <File BuildType="BUILD" Toolchain="">.\Generated_Source\PSoC4\UART_0_BOOT.c</File>
          <File BuildType="BUILD" Toolchain="">.\Generated_Source\PSoC4\UART_0_UART_BOOT.c</File>
          <File BuildType="BUILD" Toolchain="">.\Generated_Source\PSoC4\UART_0_PINS.h</File>
          <File BuildType="BUILD" Toolchain="">.\Generated_Source\PSoC4\UART_0_SPI_UART_PVT.h</File>
          <File BuildType="BUILD" Toolchain="">.\Generated_Source\PSoC4\UART_0_PVT.h</File>
          <File BuildType="BUILD" Toolchain="">.\Generated_Source\PSoC4\CapSense_SampleClk.c</File>
          <File BuildType="BUILD" Toolchain="">.\Generated_Source\PSoC4\CapSense_SampleClk.h</File>
          <File BuildType="BUILD" Toolchain="">.\Generated_Source\PSoC4\CapSense_Sns_aliases.h</File>
          <File BuildType="BUILD" Toolchain="">.\Generated_Source\PSoC4\CapSense_SenseClk.c</File>
          <File BuildType="BUILD" Toolchain="">.\Generated_Source\PSoC4\CapSense_SenseClk.h</File>
          <File BuildType="BUILD" Toolchain="">.\Generated_Source\PSoC4\UART_1_tx.c</File>
          <File BuildType="BUILD" Toolchain="">.\Generated_Source\PSoC4\UART_1_tx.h</File>
          <File BuildType="BUILD" Toolchain="">.\Generated_Source\PSoC4\UART_1_tx_aliases.h</File>
          <File BuildType="BUILD" Toolchain="">.\Generated_Source\PSoC4\UART_1_rx.c</File>
          <File BuildType="BUILD" Toolchain="">.\Generated_Source\PSoC4\UART_1_rx.h</File>
          <File BuildType="BUILD" Toolchain="">.\Generated_Source\PSoC4\UART_1_rx_aliases.h</File>
          <File BuildType="BUILD" Toolchain="">.\Generated_Source\PSoC4\UART_0_tx.c</File>
          <File BuildType="BUILD" Toolchain="">.\Generated_Source\PSoC4\UART_0_tx.h</File>
          <File BuildType="BUILD" Toolchain="">.\Generated_Source\PSoC4\UART_0_tx_aliases.h</File>
          <File BuildType="BUILD" Toolchain="">.\Generated_Source\PSoC4\UART_0_rx.c</File>
          <File BuildType="BUILD" Toolchain="">.\Generated_Source\PSoC4\UART_0_rx.h</File>
          <File BuildType="BUILD" Toolchain="">.\Generated_Source\PSoC4\UART_0_rx_aliases.h</File>
          <File BuildType="BUILD" Toolchain="">.\Generated_Source\PSoC4\HCLK.c</File>
          <File BuildType="BUILD" Toolchain="">.\Generated_Source\PSoC4\HCLK.h</File>
          <File BuildType="BUILD" Toolchain="">.\Generated_Source\PSoC4\HCLK_aliases.h</File>
          <File BuildType="BUILD" Toolchain="">.\Generated_Source\PSoC4\HSDA.c</File>
          <File BuildType="BUILD" Toolchain="">.\Generated_Source\PSoC4\HSDA.h</File>
          <File BuildType="BUILD" Toolchain="">.\Generated_Source\PSoC4\HSDA_aliases.h</File>
          <File BuildType="BUILD" Toolchain="">.\Generated_Source\PSoC4\COMN.c</File>
          <File BuildType="BUILD" Toolchain="">.\Generated_Source\PSoC4\COMN.h</File>
          <File BuildType="BUILD" Toolchain="">.\Generated_Source\PSoC4\COMN_aliases.h</File>
          <File BuildType="BUILD" Toolchain="">.\Generated_Source\PSoC4\prebuild.bat</File>
          <File BuildType="BUILD" Toolchain="">.\Generated_Source\PSoC4\postbuild.bat</File>
          <File BuildType="BUILD" Toolchain="">.\Generated_Source\PSoC4\CyElfTool.exe</File>
          <File BuildType="BUILD" Toolchain="">.\Generated_Source\PSoC4\libelf.dll</File>
        </Files>
      </Folder>
      <Folder BuildType="STRICT" Path="E:\code\wifi\1.8-testuart\UartBootloader\UART_Bootloadable.cydsn\Generated_Source\PSoC4\ARM_GCC">
        <Files Root="E:\code\wifi\1.8-testuart\UartBootloader\UART_Bootloadable.cydsn">
          <File BuildType="BUILD" Toolchain="ARM GCC">.\Generated_Source\PSoC4\ARM_GCC\CyComponentLibrary.a</File>
        </Files>
      </Folder>
      <Folder BuildType="STRICT" Path="E:\code\wifi\1.8-testuart\UartBootloader\UART_Bootloadable.cydsn\Generated_Source\PSoC4\ARM_Keil_MDK">
        <Files Root="E:\code\wifi\1.8-testuart\UartBootloader\UART_Bootloadable.cydsn">
          <File BuildType="BUILD" Toolchain="ARM Keil MDK">.\Generated_Source\PSoC4\ARM_Keil_MDK\CyComponentLibrary.a</File>
        </Files>
      </Folder>
      <Folder BuildType="STRICT" Path="E:\code\wifi\1.8-testuart\UartBootloader\UART_Bootloadable.cydsn\Generated_Source\PSoC4\IAR">
        <Files Root="E:\code\wifi\1.8-testuart\UartBootloader\UART_Bootloadable.cydsn">
          <File BuildType="BUILD" Toolchain="IAR">.\Generated_Source\PSoC4\IAR\CyComponentLibrary.a</File>
        </Files>
      </Folder>
      <Folder BuildType="EXCLUDE" Path=".\codegentemp">
        <Files Root="E:\code\wifi\1.8-testuart\UartBootloader\UART_Bootloadable.cydsn" />
      </Folder>
      <Folder BuildType="EXCLUDE" Path=".\ARM_GCC_441">
        <Files Root="E:\code\wifi\1.8-testuart\UartBootloader\UART_Bootloadable.cydsn" />
      </Folder>
      <Folder BuildType="EXCLUDE" Path=".\ARM_GCC_473">
        <Files Root="E:\code\wifi\1.8-testuart\UartBootloader\UART_Bootloadable.cydsn" />
      </Folder>
      <Folder BuildType="EXCLUDE" Path=".\DP8051_Keil_951">
        <Files Root="E:\code\wifi\1.8-testuart\UartBootloader\UART_Bootloadable.cydsn" />
      </Folder>
      <Folder BuildType="EXCLUDE" Path=".\DP8051">
        <Files Root="E:\code\wifi\1.8-testuart\UartBootloader\UART_Bootloadable.cydsn" />
      </Folder>
      <Folder BuildType="EXCLUDE" Path=".\CortexM0">
        <Files Root="E:\code\wifi\1.8-testuart\UartBootloader\UART_Bootloadable.cydsn" />
      </Folder>
      <Folder BuildType="EXCLUDE" Path=".\CortexM3">
        <Files Root="E:\code\wifi\1.8-testuart\UartBootloader\UART_Bootloadable.cydsn" />
      </Folder>
    </Folders>
  </Project>
</PSoCCreatorIdeExport>