﻿<?xml version="1.0" encoding="utf-8"?>
<!--DO NOT EDIT. This document is generated by PSoC Creator design builds.-->
<PSoCCreatorIdeExport Version="1">
  <Device Part="CY8C4125AXI-483" Processor="CortexM0" DeviceID="4161193" />
  <Toolchains>
    <Toolchain Name="ARM GCC Generic" Selected="True">
      <Tool Name="prebuild" Command="" Options="" />
      <Tool Name="assembler" Command="arm-none-eabi-as.exe" Options="-mcpu=cortex-m0 -mthumb -I. -I.\Generated_Source\PSoC4 -alh=${OutputDir}/${CompileFile}.lst -g" />
      <Tool Name="compiler" Command="arm-none-eabi-gcc.exe" Options="-mcpu=cortex-m0 -mthumb -Wno-main -I. -I.\Generated_Source\PSoC4 -Wa,-alh=${OutputDir}/${CompileFile}.lst -g -D DEBUG -Wall -ffunction-sections -Os" />
      <Tool Name="linker" Command="arm-none-eabi-gcc.exe" Options="-mthumb -march=armv6-m -Wl,-Map,${OutputDir}/${ProjectShortName}.map -T .\Generated_Source\PSoC4\cm0gcc.ld -g -specs=nano.specs &quot;-u _printf_float&quot; &quot;&quot; -Wl,--gc-sections" />
      <Tool Name="postbuild" Command="" Options="" />
    </Toolchain>
    <Toolchain Name="ARM MDK Generic" Selected="False">
      <Tool Name="prebuild" Command="" Options="" />
      <Tool Name="assembler" Command="armasm.exe" Options="--cpu=Cortex-M0 --diag_style=gnu --thumb -i. -i.\Generated_Source\PSoC4 -g --list=${OutputDir}/${CompileFile}.lst" />
      <Tool Name="compiler" Command="armcc.exe" Options="--cpu=Cortex-M0 --diag_style=gnu --diag_suppress=951 -I. -I.\Generated_Source\PSoC4 --list --signed_chars -g -D DEBUG -O0 --split_sections" />
      <Tool Name="linker" Command="armlink.exe" Options="--cpu=Cortex-M0 --diag_style=gnu --no_startup --map --list ${OutputDir}/${ProjectShortName}.map --scatter .\Generated_Source\PSoC4\Cm0RealView.scat" />
      <Tool Name="postbuild" Command="" Options="" />
    </Toolchain>
    <Toolchain Name="ARM IAR Generic" Selected="False">
      <Tool Name="prebuild" Command="" Options="" />
      <Tool Name="assembler" Command="iasmarm.exe" Options="--cpu Cortex-M0 -I. -I.\Generated_Source\PSoC4 -s+ -M&lt;&gt; -w+ -r -DDEBUG --fpu None" />
      <Tool Name="compiler" Command="iccarm.exe" Options="--cpu Cortex-M0 -I. -I.\Generated_Source\PSoC4 -D DEBUG --no_cse --no_unroll --no_inline --no_code_motion --no_tbaa --no_clustering --no_scheduling --debug --endian=little -e --fpu=None -On --no_wrap_diagnostics" />
      <Tool Name="linker" Command="ilinkarm.exe" Options="--semihosting --entry __iar_program_start --vfe" />
      <Tool Name="postbuild" Command="" Options="" />
    </Toolchain>
  </Toolchains>
  <Project Name="UART_Bootloadable" Path="D:\wifi_work\450B_code\new_board\newboard_0601_boot\UART_Bootloadable.cydsn" Version="4.20" Type="Bootloadable">
    <CMSIS_SVD_File>UART_Bootloadable.svd</CMSIS_SVD_File>
    <Datasheet />
    <LinkerFiles>
      <LinkerFile Toolchain="ARM GCC Generic">.\Generated_Source\PSoC4\cm0gcc.ld</LinkerFile>
      <LinkerFile Toolchain="ARM MDK Generic">.\Generated_Source\PSoC4\Cm0RealView.scat</LinkerFile>
    </LinkerFiles>
    <Folders>
      <Folder BuildType="BUILD" Path="D:\wifi_work\450B_code\new_board\newboard_0601_boot\UART_Bootloadable.cydsn">
        <Files Root="D:\wifi_work\450B_code\new_board\newboard_0601_boot\UART_Bootloadable.cydsn">
          <File BuildType="BUILD" Toolchain="">.\main.c</File>
          <File BuildType="BUILD" Toolchain="">.\display.c</File>
          <File BuildType="BUILD" Toolchain="">.\flash_wr_rd.c</File>
          <File BuildType="BUILD" Toolchain="">.\fun.c</File>
          <File BuildType="BUILD" Toolchain="">.\module.c</File>
          <File BuildType="BUILD" Toolchain="">.\uart_wifi.c</File>
          <File BuildType="BUILD" Toolchain="">.\config.h</File>
          <File BuildType="BUILD" Toolchain="">.\display.h</File>
          <File BuildType="BUILD" Toolchain="">.\flash_wr_rd.h</File>
          <File BuildType="BUILD" Toolchain="">.\fun.h</File>
          <File BuildType="BUILD" Toolchain="">.\module.h</File>
          <File BuildType="BUILD" Toolchain="">.\uart_wifi.h</File>
        </Files>
      </Folder>
      <Folder BuildType="STRICT" Path="D:\wifi_work\450B_code\new_board\newboard_0601_boot\UART_Bootloadable.cydsn\Generated_Source\PSoC4">
        <Files Root="D:\wifi_work\450B_code\new_board\newboard_0601_boot\UART_Bootloadable.cydsn">
          <File BuildType="BUILD" Toolchain="">.\Generated_Source\PSoC4\cyfitter_cfg.h</File>
          <File BuildType="BUILD" Toolchain="">.\Generated_Source\PSoC4\cyfitter_cfg.c</File>
          <File BuildType="BUILD" Toolchain="">.\Generated_Source\PSoC4\cybootloader.c</File>
          <File BuildType="BUILD" Toolchain="">.\Generated_Source\PSoC4\cymetadata.c</File>
          <File BuildType="BUILD" Toolchain="">.\Generated_Source\PSoC4\cydevice_trm.h</File>
          <File BuildType="BUILD" Toolchain="">.\Generated_Source\PSoC4\cydevicegnu_trm.inc</File>
          <File BuildType="BUILD" Toolchain="">.\Generated_Source\PSoC4\cydevicerv_trm.inc</File>
          <File BuildType="BUILD" Toolchain="">.\Generated_Source\PSoC4\cydeviceiar_trm.inc</File>
          <File BuildType="BUILD" Toolchain="">.\Generated_Source\PSoC4\cyfittergnu.inc</File>
          <File BuildType="BUILD" Toolchain="">.\Generated_Source\PSoC4\cyfitterrv.inc</File>
          <File BuildType="BUILD" Toolchain="">.\Generated_Source\PSoC4\cyfitteriar.inc</File>
          <File BuildType="BUILD" Toolchain="">.\Generated_Source\PSoC4\cyfitter.h</File>
          <File BuildType="BUILD" Toolchain="">.\Generated_Source\PSoC4\cydisabledsheets.h</File>
          <File BuildType="BUILD" Toolchain="">.\Generated_Source\PSoC4\Bootloadable.c</File>
          <File BuildType="BUILD" Toolchain="">.\Generated_Source\PSoC4\Bootloadable.h</File>
          <File BuildType="BUILD" Toolchain="">.\Generated_Source\PSoC4\Cm0Start.c</File>
          <File BuildType="BUILD" Toolchain="">.\Generated_Source\PSoC4\core_cm0_psoc4.h</File>
          <File BuildType="BUILD" Toolchain="">.\Generated_Source\PSoC4\core_cm0.h</File>
          <File BuildType="BUILD" Toolchain="ARM GCC Generic">.\Generated_Source\PSoC4\CyBootAsmGnu.s</File>
          <File BuildType="BUILD" Toolchain="ARM RVDS Generic">.\Generated_Source\PSoC4\CyBootAsmRv.s</File>
          <File BuildType="BUILD" Toolchain="">.\Generated_Source\PSoC4\CyFlash.c</File>
          <File BuildType="BUILD" Toolchain="">.\Generated_Source\PSoC4\CyFlash.h</File>
          <File BuildType="BUILD" Toolchain="">.\Generated_Source\PSoC4\CyLib.c</File>
          <File BuildType="BUILD" Toolchain="">.\Generated_Source\PSoC4\CyLib.h</File>
          <File BuildType="BUILD" Toolchain="">.\Generated_Source\PSoC4\cyPm.c</File>
          <File BuildType="BUILD" Toolchain="">.\Generated_Source\PSoC4\cyPm.h</File>
          <File BuildType="BUILD" Toolchain="">.\Generated_Source\PSoC4\cytypes.h</File>
          <File BuildType="BUILD" Toolchain="">.\Generated_Source\PSoC4\cyutils.c</File>
          <File BuildType="BUILD" Toolchain="">.\Generated_Source\PSoC4\cypins.h</File>
          <File BuildType="BUILD" Toolchain="">.\Generated_Source\PSoC4\core_cmFunc.h</File>
          <File BuildType="BUILD" Toolchain="">.\Generated_Source\PSoC4\core_cmInstr.h</File>
          <File BuildType="BUILD" Toolchain="ARM IAR Generic">.\Generated_Source\PSoC4\CyBootAsmIar.s</File>
          <File BuildType="BUILD" Toolchain="">.\Generated_Source\PSoC4\project.h</File>
          <File BuildType="BUILD" Toolchain="">.\Generated_Source\PSoC4\TestPort.c</File>
          <File BuildType="BUILD" Toolchain="">.\Generated_Source\PSoC4\TestPort.h</File>
          <File BuildType="BUILD" Toolchain="">.\Generated_Source\PSoC4\TestPort_aliases.h</File>
          <File BuildType="BUILD" Toolchain="">.\Generated_Source\PSoC4\CC_ISR.c</File>
          <File BuildType="BUILD" Toolchain="">.\Generated_Source\PSoC4\CC_ISR.h</File>
          <File BuildType="BUILD" Toolchain="">.\Generated_Source\PSoC4\timer_clk.c</File>
          <File BuildType="BUILD" Toolchain="">.\Generated_Source\PSoC4\timer_clk.h</File>
          <File BuildType="BUILD" Toolchain="">.\Generated_Source\PSoC4\CapSense.c</File>
          <File BuildType="BUILD" Toolchain="">.\Generated_Source\PSoC4\CapSense.h</File>
          <File BuildType="BUILD" Toolchain="">.\Generated_Source\PSoC4\CapSense_PM.c</File>
          <File BuildType="BUILD" Toolchain="">.\Generated_Source\PSoC4\CapSense_CSHL.c</File>
          <File BuildType="BUILD" Toolchain="">.\Generated_Source\PSoC4\CapSense_CSHL.h</File>
          <File BuildType="BUILD" Toolchain="">.\Generated_Source\PSoC4\CapSense_INT.c</File>
          <File BuildType="BUILD" Toolchain="">.\Generated_Source\PSoC4\CapSense_TunerHelper.c</File>
          <File BuildType="BUILD" Toolchain="">.\Generated_Source\PSoC4\CapSense_TunerHelper.h</File>
          <File BuildType="BUILD" Toolchain="">.\Generated_Source\PSoC4\CapSense_PVT.h</File>
          <File BuildType="BUILD" Toolchain="">.\Generated_Source\PSoC4\CapSense_IP.h</File>
          <File BuildType="BUILD" Toolchain="">.\Generated_Source\PSoC4\V24V.c</File>
          <File BuildType="BUILD" Toolchain="">.\Generated_Source\PSoC4\V24V.h</File>
          <File BuildType="BUILD" Toolchain="">.\Generated_Source\PSoC4\V24V_aliases.h</File>
          <File BuildType="BUILD" Toolchain="">.\Generated_Source\PSoC4\GYWD.c</File>
          <File BuildType="BUILD" Toolchain="">.\Generated_Source\PSoC4\GYWD.h</File>
          <File BuildType="BUILD" Toolchain="">.\Generated_Source\PSoC4\GYWD_aliases.h</File>
          <File BuildType="BUILD" Toolchain="">.\Generated_Source\PSoC4\DYWD.c</File>
          <File BuildType="BUILD" Toolchain="">.\Generated_Source\PSoC4\DYWD.h</File>
          <File BuildType="BUILD" Toolchain="">.\Generated_Source\PSoC4\DYWD_aliases.h</File>
          <File BuildType="BUILD" Toolchain="">.\Generated_Source\PSoC4\K1.c</File>
          <File BuildType="BUILD" Toolchain="">.\Generated_Source\PSoC4\K1.h</File>
          <File BuildType="BUILD" Toolchain="">.\Generated_Source\PSoC4\K1_aliases.h</File>
          <File BuildType="BUILD" Toolchain="">.\Generated_Source\PSoC4\K2.c</File>
          <File BuildType="BUILD" Toolchain="">.\Generated_Source\PSoC4\K2.h</File>
          <File BuildType="BUILD" Toolchain="">.\Generated_Source\PSoC4\K2_aliases.h</File>
          <File BuildType="BUILD" Toolchain="">.\Generated_Source\PSoC4\PWM.c</File>
          <File BuildType="BUILD" Toolchain="">.\Generated_Source\PSoC4\PWM.h</File>
          <File BuildType="BUILD" Toolchain="">.\Generated_Source\PSoC4\PWM_PM.c</File>
          <File BuildType="BUILD" Toolchain="">.\Generated_Source\PSoC4\PWM_CLK.c</File>
          <File BuildType="BUILD" Toolchain="">.\Generated_Source\PSoC4\PWM_CLK.h</File>
          <File BuildType="BUILD" Toolchain="">.\Generated_Source\PSoC4\FMQ.c</File>
          <File BuildType="BUILD" Toolchain="">.\Generated_Source\PSoC4\FMQ.h</File>
          <File BuildType="BUILD" Toolchain="">.\Generated_Source\PSoC4\FMQ_aliases.h</File>
          <File BuildType="BUILD" Toolchain="">.\Generated_Source\PSoC4\V24_IN_ISR.c</File>
          <File BuildType="BUILD" Toolchain="">.\Generated_Source\PSoC4\V24_IN_ISR.h</File>
          <File BuildType="BUILD" Toolchain="">.\Generated_Source\PSoC4\Timer.c</File>
          <File BuildType="BUILD" Toolchain="">.\Generated_Source\PSoC4\Timer.h</File>
          <File BuildType="BUILD" Toolchain="">.\Generated_Source\PSoC4\Timer_PM.c</File>
          <File BuildType="BUILD" Toolchain="">.\Generated_Source\PSoC4\isr_lowpower_1.c</File>
          <File BuildType="BUILD" Toolchain="">.\Generated_Source\PSoC4\isr_lowpower_1.h</File>
          <File BuildType="BUILD" Toolchain="">.\Generated_Source\PSoC4\UART_1.c</File>
          <File BuildType="BUILD" Toolchain="">.\Generated_Source\PSoC4\UART_1.h</File>
          <File BuildType="BUILD" Toolchain="">.\Generated_Source\PSoC4\UART_1_SPI_UART.h</File>
          <File BuildType="BUILD" Toolchain="">.\Generated_Source\PSoC4\UART_1_SPI_UART.c</File>
          <File BuildType="BUILD" Toolchain="">.\Generated_Source\PSoC4\UART_1_SPI_UART_INT.c</File>
          <File BuildType="BUILD" Toolchain="">.\Generated_Source\PSoC4\UART_1_PM.c</File>
          <File BuildType="BUILD" Toolchain="">.\Generated_Source\PSoC4\UART_1_UART.c</File>
          <File BuildType="BUILD" Toolchain="">.\Generated_Source\PSoC4\UART_1_BOOT.c</File>
          <File BuildType="BUILD" Toolchain="">.\Generated_Source\PSoC4\UART_1_UART_BOOT.c</File>
          <File BuildType="BUILD" Toolchain="">.\Generated_Source\PSoC4\UART_1_PINS.h</File>
          <File BuildType="BUILD" Toolchain="">.\Generated_Source\PSoC4\UART_1_SPI_UART_PVT.h</File>
          <File BuildType="BUILD" Toolchain="">.\Generated_Source\PSoC4\UART_1_PVT.h</File>
          <File BuildType="BUILD" Toolchain="">.\Generated_Source\PSoC4\UART_1_BOOT.h</File>
          <File BuildType="BUILD" Toolchain="">.\Generated_Source\PSoC4\UART_0.c</File>
          <File BuildType="BUILD" Toolchain="">.\Generated_Source\PSoC4\UART_0.h</File>
          <File BuildType="BUILD" Toolchain="">.\Generated_Source\PSoC4\UART_0_SPI_UART.h</File>
          <File BuildType="BUILD" Toolchain="">.\Generated_Source\PSoC4\UART_0_SPI_UART.c</File>
          <File BuildType="BUILD" Toolchain="">.\Generated_Source\PSoC4\UART_0_SPI_UART_INT.c</File>
          <File BuildType="BUILD" Toolchain="">.\Generated_Source\PSoC4\UART_0_PM.c</File>
          <File BuildType="BUILD" Toolchain="">.\Generated_Source\PSoC4\UART_0_UART.c</File>
          <File BuildType="BUILD" Toolchain="">.\Generated_Source\PSoC4\UART_0_BOOT.c</File>
          <File BuildType="BUILD" Toolchain="">.\Generated_Source\PSoC4\UART_0_UART_BOOT.c</File>
          <File BuildType="BUILD" Toolchain="">.\Generated_Source\PSoC4\UART_0_PINS.h</File>
          <File BuildType="BUILD" Toolchain="">.\Generated_Source\PSoC4\UART_0_SPI_UART_PVT.h</File>
          <File BuildType="BUILD" Toolchain="">.\Generated_Source\PSoC4\UART_0_PVT.h</File>
          <File BuildType="BUILD" Toolchain="">.\Generated_Source\PSoC4\UART_0_BOOT.h</File>
          <File BuildType="BUILD" Toolchain="">.\Generated_Source\PSoC4\CapSense_SampleClk.c</File>
          <File BuildType="BUILD" Toolchain="">.\Generated_Source\PSoC4\CapSense_SampleClk.h</File>
          <File BuildType="BUILD" Toolchain="">.\Generated_Source\PSoC4\CapSense_Sns_aliases.h</File>
          <File BuildType="BUILD" Toolchain="">.\Generated_Source\PSoC4\CapSense_SenseClk.c</File>
          <File BuildType="BUILD" Toolchain="">.\Generated_Source\PSoC4\CapSense_SenseClk.h</File>
          <File BuildType="BUILD" Toolchain="">.\Generated_Source\PSoC4\UART_1_tx.c</File>
          <File BuildType="BUILD" Toolchain="">.\Generated_Source\PSoC4\UART_1_tx.h</File>
          <File BuildType="BUILD" Toolchain="">.\Generated_Source\PSoC4\UART_1_tx_aliases.h</File>
          <File BuildType="BUILD" Toolchain="">.\Generated_Source\PSoC4\UART_1_rx.c</File>
          <File BuildType="BUILD" Toolchain="">.\Generated_Source\PSoC4\UART_1_rx.h</File>
          <File BuildType="BUILD" Toolchain="">.\Generated_Source\PSoC4\UART_1_rx_aliases.h</File>
          <File BuildType="BUILD" Toolchain="">.\Generated_Source\PSoC4\UART_0_tx.c</File>
          <File BuildType="BUILD" Toolchain="">.\Generated_Source\PSoC4\UART_0_tx.h</File>
          <File BuildType="BUILD" Toolchain="">.\Generated_Source\PSoC4\UART_0_tx_aliases.h</File>
          <File BuildType="BUILD" Toolchain="">.\Generated_Source\PSoC4\UART_0_rx.c</File>
          <File BuildType="BUILD" Toolchain="">.\Generated_Source\PSoC4\UART_0_rx.h</File>
          <File BuildType="BUILD" Toolchain="">.\Generated_Source\PSoC4\UART_0_rx_aliases.h</File>
          <File BuildType="BUILD" Toolchain="">.\Generated_Source\PSoC4\EEPROM.c</File>
          <File BuildType="BUILD" Toolchain="">.\Generated_Source\PSoC4\EEPROM.h</File>
          <File BuildType="BUILD" Toolchain="">.\Generated_Source\PSoC4\UART_1_SCBCLK.c</File>
          <File BuildType="BUILD" Toolchain="">.\Generated_Source\PSoC4\UART_1_SCBCLK.h</File>
          <File BuildType="BUILD" Toolchain="">.\Generated_Source\PSoC4\UART_1_SCB_IRQ.c</File>
          <File BuildType="BUILD" Toolchain="">.\Generated_Source\PSoC4\UART_1_SCB_IRQ.h</File>
          <File BuildType="BUILD" Toolchain="">.\Generated_Source\PSoC4\UART_0_SCBCLK.c</File>
          <File BuildType="BUILD" Toolchain="">.\Generated_Source\PSoC4\UART_0_SCBCLK.h</File>
          <File BuildType="BUILD" Toolchain="">.\Generated_Source\PSoC4\UART_0_SCB_IRQ.c</File>
          <File BuildType="BUILD" Toolchain="">.\Generated_Source\PSoC4\UART_0_SCB_IRQ.h</File>
          <File BuildType="BUILD" Toolchain="">.\Generated_Source\PSoC4\LED_RO3.c</File>
          <File BuildType="BUILD" Toolchain="">.\Generated_Source\PSoC4\LED_RO3.h</File>
          <File BuildType="BUILD" Toolchain="">.\Generated_Source\PSoC4\LED_RO3_aliases.h</File>
          <File BuildType="BUILD" Toolchain="">.\Generated_Source\PSoC4\LED_RO2.c</File>
          <File BuildType="BUILD" Toolchain="">.\Generated_Source\PSoC4\LED_RO2.h</File>
          <File BuildType="BUILD" Toolchain="">.\Generated_Source\PSoC4\LED_RO2_aliases.h</File>
          <File BuildType="BUILD" Toolchain="">.\Generated_Source\PSoC4\LED_RO1.c</File>
          <File BuildType="BUILD" Toolchain="">.\Generated_Source\PSoC4\LED_RO1.h</File>
          <File BuildType="BUILD" Toolchain="">.\Generated_Source\PSoC4\LED_RO1_aliases.h</File>
          <File BuildType="BUILD" Toolchain="">.\Generated_Source\PSoC4\LED_FC.c</File>
          <File BuildType="BUILD" Toolchain="">.\Generated_Source\PSoC4\LED_FC.h</File>
          <File BuildType="BUILD" Toolchain="">.\Generated_Source\PSoC4\LED_FC_aliases.h</File>
          <File BuildType="BUILD" Toolchain="">.\Generated_Source\PSoC4\LED_PP.c</File>
          <File BuildType="BUILD" Toolchain="">.\Generated_Source\PSoC4\LED_PP.h</File>
          <File BuildType="BUILD" Toolchain="">.\Generated_Source\PSoC4\LED_PP_aliases.h</File>
          <File BuildType="BUILD" Toolchain="">.\Generated_Source\PSoC4\LED_BC.c</File>
          <File BuildType="BUILD" Toolchain="">.\Generated_Source\PSoC4\LED_BC.h</File>
          <File BuildType="BUILD" Toolchain="">.\Generated_Source\PSoC4\LED_BC_aliases.h</File>
          <File BuildType="BUILD" Toolchain="">.\Generated_Source\PSoC4\LED_WIFI.c</File>
          <File BuildType="BUILD" Toolchain="">.\Generated_Source\PSoC4\LED_WIFI.h</File>
          <File BuildType="BUILD" Toolchain="">.\Generated_Source\PSoC4\LED_WIFI_aliases.h</File>
          <File BuildType="BUILD" Toolchain="">.\Generated_Source\PSoC4\LED_KEY_WIFI.c</File>
          <File BuildType="BUILD" Toolchain="">.\Generated_Source\PSoC4\LED_KEY_WIFI.h</File>
          <File BuildType="BUILD" Toolchain="">.\Generated_Source\PSoC4\LED_KEY_WIFI_aliases.h</File>
          <File BuildType="BUILD" Toolchain="">.\Generated_Source\PSoC4\LED_KEY_SETTING.c</File>
          <File BuildType="BUILD" Toolchain="">.\Generated_Source\PSoC4\LED_KEY_SETTING.h</File>
          <File BuildType="BUILD" Toolchain="">.\Generated_Source\PSoC4\LED_KEY_SETTING_aliases.h</File>
          <File BuildType="BUILD" Toolchain="">.\Generated_Source\PSoC4\TEST.c</File>
          <File BuildType="BUILD" Toolchain="">.\Generated_Source\PSoC4\TEST.h</File>
          <File BuildType="BUILD" Toolchain="">.\Generated_Source\PSoC4\TEST_aliases.h</File>
        </Files>
      </Folder>
      <Folder BuildType="STRICT" Path="D:\wifi_work\450B_code\new_board\newboard_0601_boot\UART_Bootloadable.cydsn\Export\ARM_GCC_Generic\CapSense_CSD_P4_v2_10">
        <Files Root="D:\wifi_work\450B_code\new_board\newboard_0601_boot\UART_Bootloadable.cydsn">
          <File BuildType="BUILD" Toolchain="ARM GCC Generic">.\Export\ARM_GCC_Generic\CapSense_CSD_P4_v2_10\CapsenseP4Library_GCC.a</File>
        </Files>
      </Folder>
      <Folder BuildType="STRICT" Path="D:\wifi_work\450B_code\new_board\newboard_0601_boot\UART_Bootloadable.cydsn\Export\ARM_GCC_Generic">
        <Files Root="D:\wifi_work\450B_code\new_board\newboard_0601_boot\UART_Bootloadable.cydsn">
          <File BuildType="BUILD" Toolchain="ARM GCC Generic">.\Export\ARM_GCC_Generic\CyComponentLibrary.a</File>
        </Files>
      </Folder>
      <Folder BuildType="STRICT" Path="D:\wifi_work\450B_code\new_board\newboard_0601_boot\UART_Bootloadable.cydsn\Export\ARM_MDK_Generic\CapSense_CSD_P4_v2_10">
        <Files Root="D:\wifi_work\450B_code\new_board\newboard_0601_boot\UART_Bootloadable.cydsn">
          <File BuildType="BUILD" Toolchain="ARM MDK Generic">.\Export\ARM_MDK_Generic\CapSense_CSD_P4_v2_10\CapsenseP4Library_MDK.a</File>
        </Files>
      </Folder>
      <Folder BuildType="STRICT" Path="D:\wifi_work\450B_code\new_board\newboard_0601_boot\UART_Bootloadable.cydsn\Export\ARM_MDK_Generic">
        <Files Root="D:\wifi_work\450B_code\new_board\newboard_0601_boot\UART_Bootloadable.cydsn">
          <File BuildType="BUILD" Toolchain="ARM MDK Generic">.\Export\ARM_MDK_Generic\CyComponentLibrary.a</File>
        </Files>
      </Folder>
      <Folder BuildType="STRICT" Path="D:\wifi_work\450B_code\new_board\newboard_0601_boot\UART_Bootloadable.cydsn\Export\ARM_IAR_Generic\CapSense_CSD_P4_v2_10">
        <Files Root="D:\wifi_work\450B_code\new_board\newboard_0601_boot\UART_Bootloadable.cydsn">
          <File BuildType="BUILD" Toolchain="ARM IAR Generic">.\Export\ARM_IAR_Generic\CapSense_CSD_P4_v2_10\CapsenseP4Library_IAR.a</File>
        </Files>
      </Folder>
      <Folder BuildType="STRICT" Path="D:\wifi_work\450B_code\new_board\newboard_0601_boot\UART_Bootloadable.cydsn\Export\ARM_IAR_Generic">
        <Files Root="D:\wifi_work\450B_code\new_board\newboard_0601_boot\UART_Bootloadable.cydsn">
          <File BuildType="BUILD" Toolchain="ARM IAR Generic">.\Export\ARM_IAR_Generic\CyComponentLibrary.a</File>
        </Files>
      </Folder>
      <Folder BuildType="EXCLUDE" Path=".\codegentemp">
        <Files Root="D:\wifi_work\450B_code\new_board\newboard_0601_boot\UART_Bootloadable.cydsn" />
      </Folder>
      <Folder BuildType="EXCLUDE" Path=".\ARM_GCC_441">
        <Files Root="D:\wifi_work\450B_code\new_board\newboard_0601_boot\UART_Bootloadable.cydsn" />
      </Folder>
      <Folder BuildType="EXCLUDE" Path=".\ARM_GCC_473">
        <Files Root="D:\wifi_work\450B_code\new_board\newboard_0601_boot\UART_Bootloadable.cydsn" />
      </Folder>
      <Folder BuildType="EXCLUDE" Path=".\DP8051_Keil_951">
        <Files Root="D:\wifi_work\450B_code\new_board\newboard_0601_boot\UART_Bootloadable.cydsn" />
      </Folder>
      <Folder BuildType="EXCLUDE" Path=".\DP8051">
        <Files Root="D:\wifi_work\450B_code\new_board\newboard_0601_boot\UART_Bootloadable.cydsn" />
      </Folder>
      <Folder BuildType="EXCLUDE" Path=".\CortexM0">
        <Files Root="D:\wifi_work\450B_code\new_board\newboard_0601_boot\UART_Bootloadable.cydsn" />
      </Folder>
      <Folder BuildType="EXCLUDE" Path=".\CortexM3">
        <Files Root="D:\wifi_work\450B_code\new_board\newboard_0601_boot\UART_Bootloadable.cydsn" />
      </Folder>
      <Folder BuildType="EXCLUDE" Path=".\Generated_Source\PSoC3">
        <Files Root="D:\wifi_work\450B_code\new_board\newboard_0601_boot\UART_Bootloadable.cydsn" />
      </Folder>
      <Folder BuildType="EXCLUDE" Path=".\Generated_Source\PSoC5">
        <Files Root="D:\wifi_work\450B_code\new_board\newboard_0601_boot\UART_Bootloadable.cydsn" />
      </Folder>
    </Folders>
  </Project>
</PSoCCreatorIdeExport>