﻿<?xml version="1.0" encoding="utf-8"?>
<!--DO NOT EDIT. This document is generated by PSoC Creator design builds.-->
<PSoCCreatorIdeExport Version="1">
  <Device Part="CY8C4125AXI-483" Processor="CortexM0" DeviceID="4161193" />
  <Toolchains>
    <Toolchain Name="ARM GCC" Selected="True">
      <Tool Name="prebuild" Command="" Options="" />
      <Tool Name="assembler" Command="arm-none-eabi-as.exe" Options="-I. -I./Generated_Source/PSoC4 -mcpu=cortex-m0 -mthumb -g -alh=${OutputDir}/${CompileFile}.lst " />
      <Tool Name="compiler" Command="arm-none-eabi-gcc.exe" Options="-I. -I./Generated_Source/PSoC4 -Wno-main -mcpu=cortex-m0 -mthumb -Wall -g -D DEBUG -Wa,-alh=${OutputDir}\${CompileFile}.lst -Os -ffunction-sections " />
      <Tool Name="linker" Command="arm-none-eabi-gcc.exe" Options="-mthumb -march=armv6-m -T .\Generated_Source\PSoC4\cm0gcc.ld -g -Wl,-Map,${OutputDir}\${ProjectShortName}.map -specs=nano.specs -Wl,--gc-sections " />
      <Tool Name="postbuild" Command="" Options="" />
    </Toolchain>
    <Toolchain Name="ARM Keil MDK" Selected="False">
      <Tool Name="prebuild" Command="" Options="" />
      <Tool Name="assembler" Command="armasm.exe" Options="-i. -iGenerated_Source/PSoC4 --diag_style=gnu --thumb --cpu=Cortex-M0 -g --list=${OutputDir}/${CompileFile}.lst " />
      <Tool Name="compiler" Command="armcc.exe" Options="-I. -I./Generated_Source/PSoC4 --diag_suppress=951 --diag_style=gnu --cpu=Cortex-M0 -g -D DEBUG --signed_chars --list -O0 --split_sections " />
      <Tool Name="linker" Command="armlink.exe" Options="--diag_style=gnu --no_startup --cpu=Cortex-M0 --scatter .\Generated_Source\PSoC4\Cm0RealView.scat --keep=Bootloader_Checksum --keep=Bootloader_SizeBytes --map --list ${OutputDir}\${ProjectShortName}.map " />
      <Tool Name="postbuild" Command="" Options="" />
    </Toolchain>
  </Toolchains>
  <Project Name="UART_Bootloader" Path="E:\code\wifi\1.8\UartBootloader\UART_Bootloader\UART_Bootloader.cydsn" Version="4.11" Type="Bootloader">
    <CMSIS_SVD_File>UART_Bootloader.svd</CMSIS_SVD_File>
    <Datasheet />
    <LinkerFiles>
      <LinkerFile Toolchain="ARM GCC">.\Generated_Source\PSoC4\cm0gcc.ld</LinkerFile>
      <LinkerFile Toolchain="ARM Keil MDK">.\Generated_Source\PSoC4\Cm0RealView.scat</LinkerFile>
      <LinkerFile Toolchain="IAR EWARM">.\Generated_Source\PSoC4\Cm0Iar.icf</LinkerFile>
    </LinkerFiles>
    <Folders>
      <Folder BuildType="BUILD" Path="E:\code\wifi\1.8\UartBootloader\UART_Bootloader\UART_Bootloader.cydsn">
        <Files Root="E:\code\wifi\1.8\UartBootloader\UART_Bootloader\UART_Bootloader.cydsn">
          <File BuildType="BUILD" Toolchain="">.\main.c</File>
          <File BuildType="BUILD" Toolchain="">.\UART_Btldr.c</File>
        </Files>
      </Folder>
      <Folder BuildType="STRICT" Path="E:\code\wifi\1.8\UartBootloader\UART_Bootloader\UART_Bootloader.cydsn\Generated_Source\PSoC4">
        <Files Root="E:\code\wifi\1.8\UartBootloader\UART_Bootloader\UART_Bootloader.cydsn">
          <File BuildType="BUILD" Toolchain="">.\Generated_Source\PSoC4\cyfitter_cfg.h</File>
          <File BuildType="BUILD" Toolchain="">.\Generated_Source\PSoC4\cyfitter_cfg.c</File>
          <File BuildType="BUILD" Toolchain="">.\Generated_Source\PSoC4\cymetadata.c</File>
          <File BuildType="BUILD" Toolchain="">.\Generated_Source\PSoC4\cydevice_trm.h</File>
          <File BuildType="BUILD" Toolchain="">.\Generated_Source\PSoC4\cydevicegnu_trm.inc</File>
          <File BuildType="BUILD" Toolchain="">.\Generated_Source\PSoC4\cydevicerv_trm.inc</File>
          <File BuildType="BUILD" Toolchain="">.\Generated_Source\PSoC4\cydeviceiar_trm.inc</File>
          <File BuildType="BUILD" Toolchain="">.\Generated_Source\PSoC4\cyfittergnu.inc</File>
          <File BuildType="BUILD" Toolchain="">.\Generated_Source\PSoC4\cyfitterrv.inc</File>
          <File BuildType="BUILD" Toolchain="">.\Generated_Source\PSoC4\cyfitteriar.inc</File>
          <File BuildType="BUILD" Toolchain="">.\Generated_Source\PSoC4\cyfitter.h</File>
          <File BuildType="BUILD" Toolchain="">.\Generated_Source\PSoC4\cydisabledsheets.h</File>
          <File BuildType="BUILD" Toolchain="">.\Generated_Source\PSoC4\Bootloader.h</File>
          <File BuildType="BUILD" Toolchain="">.\Generated_Source\PSoC4\Bootloader.c</File>
          <File BuildType="BUILD" Toolchain="">.\Generated_Source\PSoC4\Bootloader_PVT.h</File>
          <File BuildType="BUILD" Toolchain="">.\Generated_Source\PSoC4\UART.c</File>
          <File BuildType="BUILD" Toolchain="">.\Generated_Source\PSoC4\UART.h</File>
          <File BuildType="BUILD" Toolchain="">.\Generated_Source\PSoC4\UART_SPI_UART.h</File>
          <File BuildType="BUILD" Toolchain="">.\Generated_Source\PSoC4\UART_SPI_UART.c</File>
          <File BuildType="BUILD" Toolchain="">.\Generated_Source\PSoC4\UART_SPI_UART_INT.c</File>
          <File BuildType="BUILD" Toolchain="">.\Generated_Source\PSoC4\UART_PM.c</File>
          <File BuildType="BUILD" Toolchain="">.\Generated_Source\PSoC4\UART_UART.c</File>
          <File BuildType="BUILD" Toolchain="">.\Generated_Source\PSoC4\UART_BOOT.c</File>
          <File BuildType="BUILD" Toolchain="">.\Generated_Source\PSoC4\UART_UART_BOOT.c</File>
          <File BuildType="BUILD" Toolchain="">.\Generated_Source\PSoC4\UART_PINS.h</File>
          <File BuildType="BUILD" Toolchain="">.\Generated_Source\PSoC4\UART_SPI_UART_PVT.h</File>
          <File BuildType="BUILD" Toolchain="">.\Generated_Source\PSoC4\UART_PVT.h</File>
          <File BuildType="BUILD" Toolchain="">.\Generated_Source\PSoC4\UART_tx.c</File>
          <File BuildType="BUILD" Toolchain="">.\Generated_Source\PSoC4\UART_tx.h</File>
          <File BuildType="BUILD" Toolchain="">.\Generated_Source\PSoC4\UART_tx_aliases.h</File>
          <File BuildType="BUILD" Toolchain="">.\Generated_Source\PSoC4\UART_rx.c</File>
          <File BuildType="BUILD" Toolchain="">.\Generated_Source\PSoC4\UART_rx.h</File>
          <File BuildType="BUILD" Toolchain="">.\Generated_Source\PSoC4\UART_rx_aliases.h</File>
          <File BuildType="BUILD" Toolchain="">.\Generated_Source\PSoC4\Cm0Start.c</File>
          <File BuildType="BUILD" Toolchain="">.\Generated_Source\PSoC4\core_cm0_psoc4.h</File>
          <File BuildType="BUILD" Toolchain="">.\Generated_Source\PSoC4\core_cm0.h</File>
          <File BuildType="BUILD" Toolchain="ARM GCC">.\Generated_Source\PSoC4\CyBootAsmGnu.s</File>
          <File BuildType="BUILD" Toolchain="ARM RVDS">.\Generated_Source\PSoC4\CyBootAsmRv.s</File>
          <File BuildType="BUILD" Toolchain="">.\Generated_Source\PSoC4\CyFlash.c</File>
          <File BuildType="BUILD" Toolchain="">.\Generated_Source\PSoC4\CyFlash.h</File>
          <File BuildType="BUILD" Toolchain="">.\Generated_Source\PSoC4\CyLib.c</File>
          <File BuildType="BUILD" Toolchain="">.\Generated_Source\PSoC4\CyLib.h</File>
          <File BuildType="BUILD" Toolchain="">.\Generated_Source\PSoC4\cyPm.c</File>
          <File BuildType="BUILD" Toolchain="">.\Generated_Source\PSoC4\cyPm.h</File>
          <File BuildType="BUILD" Toolchain="">.\Generated_Source\PSoC4\cytypes.h</File>
          <File BuildType="BUILD" Toolchain="">.\Generated_Source\PSoC4\cyutils.c</File>
          <File BuildType="BUILD" Toolchain="">.\Generated_Source\PSoC4\cypins.h</File>
          <File BuildType="BUILD" Toolchain="">.\Generated_Source\PSoC4\core_cmFunc.h</File>
          <File BuildType="BUILD" Toolchain="">.\Generated_Source\PSoC4\core_cmInstr.h</File>
          <File BuildType="BUILD" Toolchain="IAR EWARM">.\Generated_Source\PSoC4\CyBootAsmIar.s</File>
          <File BuildType="BUILD" Toolchain="">.\Generated_Source\PSoC4\project.h</File>
          <File BuildType="BUILD" Toolchain="">.\Generated_Source\PSoC4\prebuild.bat</File>
          <File BuildType="BUILD" Toolchain="">.\Generated_Source\PSoC4\postbuild.bat</File>
          <File BuildType="BUILD" Toolchain="">.\Generated_Source\PSoC4\CyElfTool.exe</File>
          <File BuildType="BUILD" Toolchain="">.\Generated_Source\PSoC4\libelf.dll</File>
        </Files>
      </Folder>
      <Folder BuildType="STRICT" Path="E:\code\wifi\1.8\UartBootloader\UART_Bootloader\UART_Bootloader.cydsn\Generated_Source\PSoC4\ARM_GCC">
        <Files Root="E:\code\wifi\1.8\UartBootloader\UART_Bootloader\UART_Bootloader.cydsn">
          <File BuildType="BUILD" Toolchain="ARM GCC">.\Generated_Source\PSoC4\ARM_GCC\CyComponentLibrary.a</File>
        </Files>
      </Folder>
      <Folder BuildType="STRICT" Path="E:\code\wifi\1.8\UartBootloader\UART_Bootloader\UART_Bootloader.cydsn\Generated_Source\PSoC4\ARM_Keil_MDK">
        <Files Root="E:\code\wifi\1.8\UartBootloader\UART_Bootloader\UART_Bootloader.cydsn">
          <File BuildType="BUILD" Toolchain="ARM Keil MDK">.\Generated_Source\PSoC4\ARM_Keil_MDK\CyComponentLibrary.a</File>
        </Files>
      </Folder>
      <Folder BuildType="STRICT" Path="E:\code\wifi\1.8\UartBootloader\UART_Bootloader\UART_Bootloader.cydsn\Generated_Source\PSoC4\IAR">
        <Files Root="E:\code\wifi\1.8\UartBootloader\UART_Bootloader\UART_Bootloader.cydsn">
          <File BuildType="BUILD" Toolchain="IAR">.\Generated_Source\PSoC4\IAR\CyComponentLibrary.a</File>
        </Files>
      </Folder>
      <Folder BuildType="EXCLUDE" Path=".\codegentemp">
        <Files Root="E:\code\wifi\1.8\UartBootloader\UART_Bootloader\UART_Bootloader.cydsn" />
      </Folder>
      <Folder BuildType="EXCLUDE" Path=".\ARM_GCC_441">
        <Files Root="E:\code\wifi\1.8\UartBootloader\UART_Bootloader\UART_Bootloader.cydsn" />
      </Folder>
      <Folder BuildType="EXCLUDE" Path=".\ARM_GCC_473">
        <Files Root="E:\code\wifi\1.8\UartBootloader\UART_Bootloader\UART_Bootloader.cydsn" />
      </Folder>
      <Folder BuildType="EXCLUDE" Path=".\DP8051_Keil_951">
        <Files Root="E:\code\wifi\1.8\UartBootloader\UART_Bootloader\UART_Bootloader.cydsn" />
      </Folder>
      <Folder BuildType="EXCLUDE" Path=".\DP8051">
        <Files Root="E:\code\wifi\1.8\UartBootloader\UART_Bootloader\UART_Bootloader.cydsn" />
      </Folder>
      <Folder BuildType="EXCLUDE" Path=".\CortexM0">
        <Files Root="E:\code\wifi\1.8\UartBootloader\UART_Bootloader\UART_Bootloader.cydsn" />
      </Folder>
      <Folder BuildType="EXCLUDE" Path=".\CortexM3">
        <Files Root="E:\code\wifi\1.8\UartBootloader\UART_Bootloader\UART_Bootloader.cydsn" />
      </Folder>
    </Folders>
  </Project>
</PSoCCreatorIdeExport>