﻿<?xml version="1.0" encoding="utf-8"?>
<!--DO NOT EDIT. This document is generated by PSoC Creator design builds.-->
<PSoCCreatorIdeExport Version="1">
  <Device Part="CY8C4125AXI-483" Processor="CortexM0" DeviceID="4161193" />
  <Toolchains>
    <Toolchain Name="ARM GCC Generic" Selected="True">
      <Tool Name="prebuild" Command="" Options="" />
      <Tool Name="assembler" Command="arm-none-eabi-as.exe" Options="-mcpu=cortex-m0 -mthumb -I. -I.\Generated_Source\PSoC4 -alh=${OutputDir}/${CompileFile}.lst -g" />
      <Tool Name="compiler" Command="arm-none-eabi-gcc.exe" Options="-mcpu=cortex-m0 -mthumb -Wno-main -I. -I.\Generated_Source\PSoC4 -Wa,-alh=${OutputDir}/${CompileFile}.lst -g -D DEBUG -Wall -ffunction-sections -Os" />
      <Tool Name="linker" Command="arm-none-eabi-gcc.exe" Options="-mthumb -march=armv6-m -Wl,-Map,${OutputDir}/${ProjectShortName}.map -T .\Generated_Source\PSoC4\cm0gcc.ld -g -specs=nano.specs &quot;-u _printf_float&quot; &quot;&quot; -Wl,--gc-sections" />
      <Tool Name="postbuild" Command="" Options="" />
    </Toolchain>
    <Toolchain Name="ARM MDK Generic" Selected="False">
      <Tool Name="prebuild" Command="" Options="" />
      <Tool Name="assembler" Command="armasm.exe" Options="--cpu=Cortex-M0 --diag_style=gnu --thumb -i. -i.\Generated_Source\PSoC4 -g --list=${OutputDir}/${CompileFile}.lst" />
      <Tool Name="compiler" Command="armcc.exe" Options="--cpu=Cortex-M0 --diag_style=gnu --diag_suppress=951 -I. -I.\Generated_Source\PSoC4 --list --signed_chars -g -D DEBUG -O0 --split_sections" />
      <Tool Name="linker" Command="armlink.exe" Options="--cpu=Cortex-M0 --diag_style=gnu --no_startup --map --list ${OutputDir}/${ProjectShortName}.map --scatter .\Generated_Source\PSoC4\Cm0RealView.scat --keep=Bootloader_Checksum --keep=Bootloader_SizeBytes" />
      <Tool Name="postbuild" Command="" Options="" />
    </Toolchain>
    <Toolchain Name="ARM IAR Generic" Selected="False">
      <Tool Name="prebuild" Command="" Options="" />
      <Tool Name="assembler" Command="iasmarm.exe" Options="--cpu Cortex-M0 -I. -I.\Generated_Source\PSoC4 -s+ -M&lt;&gt; -w+ -r -DDEBUG --fpu None" />
      <Tool Name="compiler" Command="iccarm.exe" Options="--cpu Cortex-M0 -I. -I.\Generated_Source\PSoC4 -D DEBUG --no_cse --no_unroll --no_inline --no_code_motion --no_tbaa --no_clustering --no_scheduling --debug --endian=little -e --fpu=None -On --no_wrap_diagnostics" />
      <Tool Name="linker" Command="ilinkarm.exe" Options="--semihosting --entry __iar_program_start --vfe" />
      <Tool Name="postbuild" Command="" Options="" />
    </Toolchain>
  </Toolchains>
  <Project Name="UART_Bootloader" Path="E:\code\newboardwifi\newboard_0514_boot\UART_Bootloader.cydsn" Version="4.20" Type="Bootloader">
    <CMSIS_SVD_File>UART_Bootloader.svd</CMSIS_SVD_File>
    <Datasheet />
    <LinkerFiles>
      <LinkerFile Toolchain="ARM GCC Generic">.\Generated_Source\PSoC4\cm0gcc.ld</LinkerFile>
      <LinkerFile Toolchain="ARM MDK Generic">.\Generated_Source\PSoC4\Cm0RealView.scat</LinkerFile>
    </LinkerFiles>
    <Folders>
      <Folder BuildType="BUILD" Path="E:\code\newboardwifi\newboard_0514_boot\UART_Bootloader.cydsn">
        <Files Root="E:\code\newboardwifi\newboard_0514_boot\UART_Bootloader.cydsn">
          <File BuildType="BUILD" Toolchain="">.\main.c</File>
          <File BuildType="BUILD" Toolchain="">.\UART_Btldr.c</File>
        </Files>
      </Folder>
      <Folder BuildType="STRICT" Path="E:\code\newboardwifi\newboard_0514_boot\UART_Bootloader.cydsn\Generated_Source\PSoC4">
        <Files Root="E:\code\newboardwifi\newboard_0514_boot\UART_Bootloader.cydsn">
          <File BuildType="BUILD" Toolchain="">.\Generated_Source\PSoC4\cyfitter_cfg.h</File>
          <File BuildType="BUILD" Toolchain="">.\Generated_Source\PSoC4\cyfitter_cfg.c</File>
          <File BuildType="BUILD" Toolchain="">.\Generated_Source\PSoC4\cymetadata.c</File>
          <File BuildType="BUILD" Toolchain="">.\Generated_Source\PSoC4\cydevice_trm.h</File>
          <File BuildType="BUILD" Toolchain="">.\Generated_Source\PSoC4\cydevicegnu_trm.inc</File>
          <File BuildType="BUILD" Toolchain="">.\Generated_Source\PSoC4\cydevicerv_trm.inc</File>
          <File BuildType="BUILD" Toolchain="">.\Generated_Source\PSoC4\cydeviceiar_trm.inc</File>
          <File BuildType="BUILD" Toolchain="">.\Generated_Source\PSoC4\cyfittergnu.inc</File>
          <File BuildType="BUILD" Toolchain="">.\Generated_Source\PSoC4\cyfitterrv.inc</File>
          <File BuildType="BUILD" Toolchain="">.\Generated_Source\PSoC4\cyfitteriar.inc</File>
          <File BuildType="BUILD" Toolchain="">.\Generated_Source\PSoC4\cyfitter.h</File>
          <File BuildType="BUILD" Toolchain="">.\Generated_Source\PSoC4\cydisabledsheets.h</File>
          <File BuildType="BUILD" Toolchain="">.\Generated_Source\PSoC4\Bootloader.h</File>
          <File BuildType="BUILD" Toolchain="">.\Generated_Source\PSoC4\Bootloader.c</File>
          <File BuildType="BUILD" Toolchain="">.\Generated_Source\PSoC4\Bootloader_PVT.h</File>
          <File BuildType="BUILD" Toolchain="">.\Generated_Source\PSoC4\Cm0Start.c</File>
          <File BuildType="BUILD" Toolchain="">.\Generated_Source\PSoC4\core_cm0_psoc4.h</File>
          <File BuildType="BUILD" Toolchain="">.\Generated_Source\PSoC4\core_cm0.h</File>
          <File BuildType="BUILD" Toolchain="ARM GCC Generic">.\Generated_Source\PSoC4\CyBootAsmGnu.s</File>
          <File BuildType="BUILD" Toolchain="ARM RVDS Generic">.\Generated_Source\PSoC4\CyBootAsmRv.s</File>
          <File BuildType="BUILD" Toolchain="">.\Generated_Source\PSoC4\CyFlash.c</File>
          <File BuildType="BUILD" Toolchain="">.\Generated_Source\PSoC4\CyFlash.h</File>
          <File BuildType="BUILD" Toolchain="">.\Generated_Source\PSoC4\CyLib.c</File>
          <File BuildType="BUILD" Toolchain="">.\Generated_Source\PSoC4\CyLib.h</File>
          <File BuildType="BUILD" Toolchain="">.\Generated_Source\PSoC4\cyPm.c</File>
          <File BuildType="BUILD" Toolchain="">.\Generated_Source\PSoC4\cyPm.h</File>
          <File BuildType="BUILD" Toolchain="">.\Generated_Source\PSoC4\cytypes.h</File>
          <File BuildType="BUILD" Toolchain="">.\Generated_Source\PSoC4\cyutils.c</File>
          <File BuildType="BUILD" Toolchain="">.\Generated_Source\PSoC4\cypins.h</File>
          <File BuildType="BUILD" Toolchain="">.\Generated_Source\PSoC4\core_cmFunc.h</File>
          <File BuildType="BUILD" Toolchain="">.\Generated_Source\PSoC4\core_cmInstr.h</File>
          <File BuildType="BUILD" Toolchain="ARM IAR Generic">.\Generated_Source\PSoC4\CyBootAsmIar.s</File>
          <File BuildType="BUILD" Toolchain="">.\Generated_Source\PSoC4\project.h</File>
          <File BuildType="BUILD" Toolchain="">.\Generated_Source\PSoC4\FMQ.c</File>
          <File BuildType="BUILD" Toolchain="">.\Generated_Source\PSoC4\FMQ.h</File>
          <File BuildType="BUILD" Toolchain="">.\Generated_Source\PSoC4\FMQ_aliases.h</File>
          <File BuildType="BUILD" Toolchain="">.\Generated_Source\PSoC4\PWM_CLK.c</File>
          <File BuildType="BUILD" Toolchain="">.\Generated_Source\PSoC4\PWM_CLK.h</File>
          <File BuildType="BUILD" Toolchain="">.\Generated_Source\PSoC4\PWM.c</File>
          <File BuildType="BUILD" Toolchain="">.\Generated_Source\PSoC4\PWM.h</File>
          <File BuildType="BUILD" Toolchain="">.\Generated_Source\PSoC4\PWM_PM.c</File>
          <File BuildType="BUILD" Toolchain="">.\Generated_Source\PSoC4\UART_0.c</File>
          <File BuildType="BUILD" Toolchain="">.\Generated_Source\PSoC4\UART_0.h</File>
          <File BuildType="BUILD" Toolchain="">.\Generated_Source\PSoC4\UART_0_SPI_UART.h</File>
          <File BuildType="BUILD" Toolchain="">.\Generated_Source\PSoC4\UART_0_SPI_UART.c</File>
          <File BuildType="BUILD" Toolchain="">.\Generated_Source\PSoC4\UART_0_SPI_UART_INT.c</File>
          <File BuildType="BUILD" Toolchain="">.\Generated_Source\PSoC4\UART_0_PM.c</File>
          <File BuildType="BUILD" Toolchain="">.\Generated_Source\PSoC4\UART_0_UART.c</File>
          <File BuildType="BUILD" Toolchain="">.\Generated_Source\PSoC4\UART_0_BOOT.c</File>
          <File BuildType="BUILD" Toolchain="">.\Generated_Source\PSoC4\UART_0_UART_BOOT.c</File>
          <File BuildType="BUILD" Toolchain="">.\Generated_Source\PSoC4\UART_0_PINS.h</File>
          <File BuildType="BUILD" Toolchain="">.\Generated_Source\PSoC4\UART_0_SPI_UART_PVT.h</File>
          <File BuildType="BUILD" Toolchain="">.\Generated_Source\PSoC4\UART_0_PVT.h</File>
          <File BuildType="BUILD" Toolchain="">.\Generated_Source\PSoC4\UART_0_BOOT.h</File>
          <File BuildType="BUILD" Toolchain="">.\Generated_Source\PSoC4\UART_0_SCBCLK.c</File>
          <File BuildType="BUILD" Toolchain="">.\Generated_Source\PSoC4\UART_0_SCBCLK.h</File>
          <File BuildType="BUILD" Toolchain="">.\Generated_Source\PSoC4\UART_0_tx.c</File>
          <File BuildType="BUILD" Toolchain="">.\Generated_Source\PSoC4\UART_0_tx.h</File>
          <File BuildType="BUILD" Toolchain="">.\Generated_Source\PSoC4\UART_0_tx_aliases.h</File>
          <File BuildType="BUILD" Toolchain="">.\Generated_Source\PSoC4\UART_0_SCB_IRQ.c</File>
          <File BuildType="BUILD" Toolchain="">.\Generated_Source\PSoC4\UART_0_SCB_IRQ.h</File>
          <File BuildType="BUILD" Toolchain="">.\Generated_Source\PSoC4\UART_0_rx.c</File>
          <File BuildType="BUILD" Toolchain="">.\Generated_Source\PSoC4\UART_0_rx.h</File>
          <File BuildType="BUILD" Toolchain="">.\Generated_Source\PSoC4\UART_0_rx_aliases.h</File>
        </Files>
      </Folder>
      <Folder BuildType="STRICT" Path="E:\code\newboardwifi\newboard_0514_boot\UART_Bootloader.cydsn\Export\ARM_GCC_Generic">
        <Files Root="E:\code\newboardwifi\newboard_0514_boot\UART_Bootloader.cydsn">
          <File BuildType="BUILD" Toolchain="ARM GCC Generic">.\Export\ARM_GCC_Generic\CyComponentLibrary.a</File>
        </Files>
      </Folder>
      <Folder BuildType="STRICT" Path="E:\code\newboardwifi\newboard_0514_boot\UART_Bootloader.cydsn\Export\ARM_MDK_Generic">
        <Files Root="E:\code\newboardwifi\newboard_0514_boot\UART_Bootloader.cydsn">
          <File BuildType="BUILD" Toolchain="ARM MDK Generic">.\Export\ARM_MDK_Generic\CyComponentLibrary.a</File>
        </Files>
      </Folder>
      <Folder BuildType="STRICT" Path="E:\code\newboardwifi\newboard_0514_boot\UART_Bootloader.cydsn\Export\ARM_IAR_Generic">
        <Files Root="E:\code\newboardwifi\newboard_0514_boot\UART_Bootloader.cydsn">
          <File BuildType="BUILD" Toolchain="ARM IAR Generic">.\Export\ARM_IAR_Generic\CyComponentLibrary.a</File>
        </Files>
      </Folder>
      <Folder BuildType="EXCLUDE" Path=".\codegentemp">
        <Files Root="E:\code\newboardwifi\newboard_0514_boot\UART_Bootloader.cydsn" />
      </Folder>
      <Folder BuildType="EXCLUDE" Path=".\ARM_GCC_441">
        <Files Root="E:\code\newboardwifi\newboard_0514_boot\UART_Bootloader.cydsn" />
      </Folder>
      <Folder BuildType="EXCLUDE" Path=".\ARM_GCC_473">
        <Files Root="E:\code\newboardwifi\newboard_0514_boot\UART_Bootloader.cydsn" />
      </Folder>
      <Folder BuildType="EXCLUDE" Path=".\DP8051_Keil_951">
        <Files Root="E:\code\newboardwifi\newboard_0514_boot\UART_Bootloader.cydsn" />
      </Folder>
      <Folder BuildType="EXCLUDE" Path=".\DP8051">
        <Files Root="E:\code\newboardwifi\newboard_0514_boot\UART_Bootloader.cydsn" />
      </Folder>
      <Folder BuildType="EXCLUDE" Path=".\CortexM0">
        <Files Root="E:\code\newboardwifi\newboard_0514_boot\UART_Bootloader.cydsn" />
      </Folder>
      <Folder BuildType="EXCLUDE" Path=".\CortexM3">
        <Files Root="E:\code\newboardwifi\newboard_0514_boot\UART_Bootloader.cydsn" />
      </Folder>
      <Folder BuildType="EXCLUDE" Path=".\Generated_Source\PSoC3">
        <Files Root="E:\code\newboardwifi\newboard_0514_boot\UART_Bootloader.cydsn" />
      </Folder>
      <Folder BuildType="EXCLUDE" Path=".\Generated_Source\PSoC5">
        <Files Root="E:\code\newboardwifi\newboard_0514_boot\UART_Bootloader.cydsn" />
      </Folder>
    </Folders>
  </Project>
</PSoCCreatorIdeExport>